{
  "segments": [
    {
      "name": "北部湾路(湖南路-北京路)中央护栏",
      "start": [21.4887550, 109.1308799],
      "end": [21.4807384, 109.1151515],
      "path": [
        [21.4887550, 109.1308799],
        [21.4883000, 109.1295000],
        [21.4878000, 109.1280000],
        [21.4873000, 109.1265000],
        [21.4868000, 109.1250000],
        [21.4863000, 109.1235000],
        [21.4858000, 109.1220000],
        [21.4853000, 109.1205000],
        [21.4848000, 109.1190000],
        [21.4843000, 109.1175000],
        [21.4838000, 109.1160000],
        [21.4833000, 109.1145000],
        [21.4828000, 109.1130000],
        [21.4823000, 109.1115000],
        [21.4818000, 109.1100000],
        [21.4813000, 109.1085000],
        [21.4808384, 109.1156515],
        [21.4807384, 109.1151515]
      ]
    }
  ]
}